{
    "__comment": "Made with TheDestruc7i0n's advancements generator: https://advancements.thedestruc7i0n.ca",
    "display": {
        "title": {
            "text": "Advancement",
            "underlined": false
        },
        "description": {
            "text": "Abgeschleppt",
            "color": "gold"
        },
        "icon": {
            "item": "minecraft:tropical_fish_spawn_egg"
        },
        "frame": "task",
        "show_toast": true,
        "announce_to_chat": true,
        "hidden": false,
        "background": "minecraft:textures/gui/advancements/backgrounds/stone.png"
    },
    "criteria": {},
    "rewards": {
        "experience": 100
    }
}